uid,trid
1,100
1,101
1000,103
1000,104
1000,105
1000,110
1001,106
1001,108
1001,120
1001,123
1001,127
1002,107
1002,109
1002,111
1002,112
1002,115
1003,113
1003,114
1003,118
1003,121
1003,122
1004,116
1004,117
1004,119
1004,124
1004,125
1004,126
