uid,trid,inid,exid,dateof,amount
1,100,100,,2024-01-10,1200
1,101,,100,2024-02,100
1,102,,101,2024-02-10,500
1000,103,101,,2024-02-15,800
1000,104,102,,2024-02-20,300
1000,105,,102,2024-03-07,150
1001,106,,103,2024-03-20,200
1002,107,,104,2024-03-25,20
1001,108,103,,2024-03-25,1200
1002,109,,105,2024-03-29,80
1000,110,104,,2024-04-01,500
1002,111,105,,2024-04-01,2100
1002,112,106,,2024-04-01,500
1003,113,107,,2024-04-15,4500
1003,114,,106,2024-04-19,80
1002,115,,107,2024-04-20,10
1004,116,108,,2024-04-21,1200
1004,117,,108,2024-04-29,150
1003,118,,109,2024-05-01,110
